Int 1,Int 2,Int 3,Int 4
P4,P1,P4,P4
P1,P1,P4,P4
P1,P4,P1,M2
P1,P1,P4,P1
P4,P1,P4,P4
M2,P4,P4,P5
P1,m3,P4,P5
m7,m7,P4,P5
m6,P5,P4,P5
m2,P5,P4,P4
m7,P5,P4,P5
M6,m3,P4,P5
P5,M7,m6,P5
P4,P1,P4,P4
P1,P1,P4,P1
P1,P1,P1,P5
P4,M2,M2,P4
P1,P5,P5,P5
P4,P5,P4,P4
P4,P1,P1,P5
P1,P1,P4,P4
P4,P1,P4,P5
P4,P1,P1,P4
P4,P4,P4,P1
m7,P5,P4,P4
P4,P1,P1,P1
P1,P1,P4,P5
P4,P5,P4,P4
M3,P1,M3,M3
P1,P1,P4,P5
P1,M6,m3,m7
m2,m2,P1,P4
m7,P1,M6,M7
P1,P4,P4,P4
m2,M2,M2,P4
M2,P1,P4,P5
P4,P4,P4,P4
m7,P5,P4,P4
P4,P1,P1,P4
M2,P5,P4,P4
m7,P5,P4,P4
P4,P1,P1,P4
P1,P1,P1,P5
m6,P1,P1,m7
M6,P5,P4,P4
P4,P5,P1,P1
M2,P5,P1,P1
P4,P1,P1,P4
P4,P1,P4,P4
P4,P1,P1,P4
P1,P1,P4,P4
M6,M2,P4,P1
m2,M7,m3,P5
P4,P5,m7,M2
P1,m7,P4,P1
P5,P4,P1,P5
P4,P4,m2,m2
P1,P1,P1,P4
m6,P5,P4,P5
P4,P1,P4,P4
m7,P5,P4,P5
P4,P1,P1,P1
P1,P1,P4,P4
P1,P1,P5,P1
P4,P1,P1,P4
P4,P1,P4,P4
P4,P1,P1,P4
P4,P1,P4,P4
m7,P5,P4,P4
P4,P5,P4,P5
P4,P1,P4,P5
A4,A4,M6,m7
P1,P1,P4,P5
P4,P1,P4,P5
P4,P4,P4,P5
m7,P5,P4,P5
P1,P1,M2,P1
m7,M2,P1,m3
P4,P1,P4,P4
M2,M2,P1,P5
m6,P5,P4,P4
P4,m6,m6,P5
m7,M2,m6,m7
P4,P4,P1,P4
m7,P5,P4,P4
P1,M3,P5,P1
P4,M2,M3,P4
P4,P4,P4,P4
M3,P4,P5,P1
m7,m2,M6,m7
P5,P1,P4,P4
P1,P1,P4,P4
P4,P1,P1,P4
P1,P1,P1,P4
P4,P4,P4,P4
P5,M6,P1,M6
P1,P4,P4,P1
P4,P1,P1,P4
P4,P4,P4,P4
P4,m7,P4,P1
P4,P1,P1,P5
P1,P1,P4,P4
P1,P4,P4,P1
M7,P1,P1,P1
P1,P1,m7,P5
P4,P1,P1,P5
P4,P1,P1,P4
P1,m6,P1,P5
m7,P4,P4,P4
m3,M2,P4,P4
P1,P4,P5,P5
P1,P4,P4,P4
P1,P1,P1,P5
P1,P1,P4,P1
M6,d5,P4,P4
M2,M2,P4,P1
M2,M2,P5,P5
P1,P4,P4,P1
P1,P1,P4,P4
P1,P1,P4,P4
P1,P1,P1,P1
m3,m6,P4,P4
P4,P1,P1,P4
P4,P1,P4,P4
P1,P1,P1,P4
P4,P1,P1,P4
m6,P5,P4,P5
P1,m2,M6,m7
P1,m3,m6,P1
M6,P5,P4,P4
M2,P1,P4,P4
P4,M2,M2,M2
P1,M2,P4,m7
P1,P4,P4,P4
P4,P5,P4,P4
P4,P5,P4,P5
m3,P4,P4,P1
P1,P4,P4,P1
P5,P1,P4,P5
M6,P5,P4,P5
P5,P4,P5,P1
m7,P1,P4,P4
P1,P1,P4,P4
M2,P4,P1,P1
M6,P5,P4,P4
P1,P1,P1,P5
m3,P5,P4,P4
P5,P5,P1,P1
P5,M7,M6,m7
M2,M2,P4,P4
P1,P1,P4,P4
P1,P4,P1,P1
